scenario,comparison,metric,mean_difference,ci95_low,ci95_high,significant_at_95
Demand -20%,B - A,avg_wait_peak_sec,-1.612,-1.932,-1.291,True
Demand -20%,B - A,max_queue,-1.267,-1.704,-0.829,True
Demand -20%,B - A,spillover_min,0.0,0.0,0.0,False
Demand -20%,C - A,avg_wait_peak_sec,-1.827,-2.157,-1.496,True
Demand -20%,C - A,max_queue,-1.433,-1.846,-1.021,True
Demand -20%,C - A,spillover_min,0.0,0.0,0.0,False
Demand -20%,C - B,avg_wait_peak_sec,-0.215,-0.301,-0.129,True
Demand -20%,C - B,max_queue,-0.167,-0.308,-0.025,True
Demand -20%,C - B,spillover_min,0.0,0.0,0.0,False
Base demand,B - A,avg_wait_peak_sec,-1.986,-2.304,-1.668,True
Base demand,B - A,max_queue,-1.333,-1.797,-0.87,True
Base demand,B - A,spillover_min,0.0,0.0,0.0,False
Base demand,C - A,avg_wait_peak_sec,-2.312,-2.656,-1.968,True
Base demand,C - A,max_queue,-1.7,-2.118,-1.282,True
Base demand,C - A,spillover_min,0.0,0.0,0.0,False
Base demand,C - B,avg_wait_peak_sec,-0.326,-0.434,-0.217,True
Base demand,C - B,max_queue,-0.367,-0.55,-0.184,True
Base demand,C - B,spillover_min,0.0,0.0,0.0,False
Demand +20%,B - A,avg_wait_peak_sec,-2.473,-2.824,-2.123,True
Demand +20%,B - A,max_queue,-1.6,-2.011,-1.189,True
Demand +20%,B - A,spillover_min,0.0,0.0,0.0,False
Demand +20%,C - A,avg_wait_peak_sec,-2.755,-3.114,-2.395,True
Demand +20%,C - A,max_queue,-1.7,-2.129,-1.271,True
Demand +20%,C - A,spillover_min,0.0,0.0,0.0,False
Demand +20%,C - B,avg_wait_peak_sec,-0.281,-0.382,-0.18,True
Demand +20%,C - B,max_queue,-0.1,-0.214,0.014,False
Demand +20%,C - B,spillover_min,0.0,0.0,0.0,False
Processing time -20%,B - A,avg_wait_peak_sec,-1.229,-1.43,-1.028,True
Processing time -20%,B - A,max_queue,-1.167,-1.584,-0.75,True
Processing time -20%,B - A,spillover_min,0.0,0.0,0.0,False
Processing time -20%,C - A,avg_wait_peak_sec,-1.439,-1.66,-1.219,True
Processing time -20%,C - A,max_queue,-1.533,-1.883,-1.183,True
Processing time -20%,C - A,spillover_min,0.0,0.0,0.0,False
Processing time -20%,C - B,avg_wait_peak_sec,-0.21,-0.288,-0.133,True
Processing time -20%,C - B,max_queue,-0.367,-0.596,-0.137,True
Processing time -20%,C - B,spillover_min,0.0,0.0,0.0,False
Processing time +20%,B - A,avg_wait_peak_sec,-2.94,-3.41,-2.47,True
Processing time +20%,B - A,max_queue,-1.533,-2.04,-1.026,True
Processing time +20%,B - A,spillover_min,0.0,0.0,0.0,False
Processing time +20%,C - A,avg_wait_peak_sec,-3.414,-3.909,-2.919,True
Processing time +20%,C - A,max_queue,-1.9,-2.353,-1.447,True
Processing time +20%,C - A,spillover_min,0.0,0.0,0.0,False
Processing time +20%,C - B,avg_wait_peak_sec,-0.474,-0.623,-0.325,True
Processing time +20%,C - B,max_queue,-0.367,-0.596,-0.137,True
Processing time +20%,C - B,spillover_min,0.0,0.0,0.0,False
