scenario,demand_factor,processing_factor,config,replication,guard_hours,vehicles,avg_wait_sec,avg_wait_peak_sec,max_wait_sec,max_queue,spillover_min,utilization
Demand -20%,0.8,1.0,A: 1 guard,1,12,298,1.1817429290730075,2.0283857765627022,41.69631102026351,2,0.0,0.07533690465610526
Demand -20%,0.8,1.0,B: 2 guards 7-9 AM,1,14,298,0.20291223822959673,0.0707243948758807,13.46063426319347,2,0.0,0.06457357421921216
Demand -20%,0.8,1.0,C: 2 guards 7-10 AM,1,15,298,0.16755004079165636,0.0,13.46063426319347,2,0.0,0.06026952372488421
Base demand,1.0,1.0,A: 1 guard,1,12,392,1.5240344678560271,2.6200111074242702,49.69169341518182,3,0.0,0.09337571916074054
Base demand,1.0,1.0,B: 2 guards 7-9 AM,1,14,392,0.49031523093435886,0.48728510282798626,49.69169341518182,3,0.0,0.08003633070920618
Base demand,1.0,1.0,C: 2 guards 7-10 AM,1,15,392,0.28593614773055354,0.06561878379697741,49.69169341518182,2,0.0,0.07470057532859244
Demand +20%,1.2,1.0,A: 1 guard,1,12,473,1.7939682503579828,2.9647872032196534,49.69169341518011,4,0.0,0.10984565796699469
Demand +20%,1.2,1.0,B: 2 guards 7-9 AM,1,14,473,0.4433728575302106,0.24635477425141397,49.69169341518011,2,0.0,0.0941534211145669
Demand +20%,1.2,1.0,C: 2 guards 7-10 AM,1,15,473,0.3912811957876816,0.1415064508292173,49.69169341518011,2,0.0,0.08787652637359578
Processing time -20%,1.0,0.8,A: 1 guard,1,12,392,0.948018924309048,1.6643266859307986,33.04085598639631,3,0.0,0.07470057532859241
Processing time -20%,1.0,0.8,B: 2 guards 7-9 AM,1,14,392,0.29651600701937286,0.32017329868052147,33.04085598639631,3,0.0,0.06402906456736497
Processing time -20%,1.0,0.8,C: 2 guards 7-10 AM,1,15,392,0.1614913937722995,0.04159620187603327,33.04085598639631,1,0.0,0.05976046026287397
Processing time +20%,1.0,1.2,A: 1 guard,1,12,392,2.27601515000637,3.835049289316502,66.34253084396391,4,0.0,0.11205086299288868
Processing time +20%,1.0,1.2,B: 2 guards 7-9 AM,1,14,392,0.7431518246594003,0.6725102180743325,66.34253084396391,4,0.0,0.09604359685104746
Processing time +20%,1.0,1.2,C: 2 guards 7-10 AM,1,15,392,0.4750895310074109,0.11945538064496475,66.34253084396391,2,0.0,0.08964069039431094
Demand -20%,0.8,1.0,A: 1 guard,2,12,307,0.8849032550417009,1.2851149721781294,31.518133506727253,2,0.0,0.06689123793371243
Demand -20%,0.8,1.0,B: 2 guards 7-9 AM,2,14,307,0.3315661315081053,0.2167219097579167,16.58469665237817,1,0.0,0.05733534680032494
Demand -20%,0.8,1.0,C: 2 guards 7-10 AM,2,15,307,0.2433417850126568,0.046376787908214194,16.58469665237817,1,0.0,0.053512990346969914
Base demand,1.0,1.0,A: 1 guard,2,12,385,1.0911732323967307,1.741872902408336,32.860805684883374,2,0.0,0.0833533026616304
Base demand,1.0,1.0,B: 2 guards 7-9 AM,2,14,385,0.3610111602264522,0.3363109134805498,24.386497689962994,2,0.0,0.07144568799568318
Base demand,1.0,1.0,C: 2 guards 7-10 AM,2,15,385,0.22217981243564977,0.06906056898325513,24.386497689962994,1,0.0,0.06668264212930428
Demand +20%,1.2,1.0,A: 1 guard,2,12,462,1.3441493003444671,2.14368098780082,35.652617921995216,2,0.0,0.09854043183314776
Demand +20%,1.2,1.0,B: 2 guards 7-9 AM,2,14,462,0.41316586948346823,0.36634898342982203,35.652617921995216,1,0.0,0.08446322728555514
Demand +20%,1.2,1.0,C: 2 guards 7-10 AM,2,15,462,0.2560576608025077,0.06641513049344293,35.652617921995216,1,0.0,0.07883234546651814
Processing time -20%,1.0,0.8,A: 1 guard,2,12,385,0.6789328603617806,1.0703141631844864,24.140369062856948,2,0.0,0.0666826421293043
Processing time -20%,1.0,0.8,B: 2 guards 7-9 AM,2,14,385,0.23948541204523413,0.22437782517513435,16.38847773693783,2,0.0,0.05715655039654655
Processing time -20%,1.0,0.8,C: 2 guards 7-10 AM,2,15,385,0.1472097601517488,0.04674719528017516,16.38847773693783,1,0.0,0.05334611370344345
Processing time +20%,1.0,1.2,A: 1 guard,2,12,385,1.6381975659098473,2.588876905926346,41.86592340011195,2,0.0,0.10002396319395643
Processing time +20%,1.0,1.2,B: 2 guards 7-9 AM,2,14,385,0.5325962167230183,0.4605943087417003,32.38451764298816,2,0.0,0.08573482559481976
Processing time +20%,1.0,1.2,C: 2 guards 7-10 AM,2,15,385,0.3413027318610791,0.09235435038246745,32.38451764298816,1,0.0,0.08001917055516514
Demand -20%,0.8,1.0,A: 1 guard,3,12,342,1.3221526910800576,1.1846150520704957,56.38009113308385,3,0.0,0.07440825529251845
Demand -20%,0.8,1.0,B: 2 guards 7-9 AM,3,14,342,0.7720484980983648,0.06476008778633588,56.38009113308385,3,0.0,0.06377919026567548
Demand -20%,0.8,1.0,C: 2 guards 7-10 AM,3,15,342,0.749165576892268,0.01817699818821009,56.38009113308385,3,0.0,0.05952750025739692
Base demand,1.0,1.0,A: 1 guard,3,12,420,1.9071949787826796,2.6943815958537543,76.87932346356092,4,0.0,0.09565862653280248
Base demand,1.0,1.0,B: 2 guards 7-9 AM,3,14,420,1.2838960928645016,1.5308903421398223,76.87932346356092,4,0.0,0.08199310845668782
Base demand,1.0,1.0,C: 2 guards 7-10 AM,3,15,420,0.609745542646918,0.27247598173366616,36.95440606708928,3,0.0,0.07652690122624194
Demand +20%,1.2,1.0,A: 1 guard,3,12,507,2.444913051587139,4.032285142152428,82.00413154617934,4,0.0,0.11495254223840529
Demand +20%,1.2,1.0,B: 2 guards 7-9 AM,3,14,507,1.242412044815266,1.8470951405992397,51.178013506174125,3,0.0,0.09853357609158135
Demand +20%,1.2,1.0,C: 2 guards 7-10 AM,3,15,507,0.413989339446884,0.3416818372954062,32.74275724357153,3,0.0,0.09193600782315901
Processing time -20%,1.0,0.8,A: 1 guard,3,12,420,1.174423319945949,1.6995964161984878,58.770227793450545,4,0.0,0.07652690122624191
Processing time -20%,1.0,0.8,B: 2 guards 7-9 AM,3,14,420,0.8520191486071315,1.0977752963660283,58.770227793450545,4,0.0,0.06559448676535024
Processing time -20%,1.0,0.8,C: 2 guards 7-10 AM,3,15,420,0.35030967042780964,0.1612509370979609,25.43081423117087,2,0.0,0.061221520980993545
Processing time +20%,1.0,1.2,A: 1 guard,3,12,420,2.752668082496208,3.8753283294186534,94.9884191336713,4,0.0,0.11478885632576037
Processing time +20%,1.0,1.2,B: 2 guards 7-9 AM,3,14,420,1.8108394066513815,2.1172481345083103,94.9884191336713,4,0.0,0.09839063140129282
Processing time +20%,1.0,1.2,C: 2 guards 7-10 AM,3,15,420,0.8934398510168617,0.40476896399053997,48.47799790300769,3,0.0,0.09183132434029077
Demand -20%,0.8,1.0,A: 1 guard,4,12,309,1.2854205224224693,1.6119990697286979,45.11335295382992,3,0.0,0.06763675781449348
Demand -20%,0.8,1.0,B: 2 guards 7-9 AM,4,14,309,0.46614383275056953,0.16539051482231468,45.11335295382992,1,0.0,0.05797436384099443
Demand -20%,0.8,1.0,C: 2 guards 7-10 AM,4,15,309,0.41224690479639464,0.07022393917751443,45.11335295382992,1,0.0,0.05410940625159479
Base demand,1.0,1.0,A: 1 guard,4,12,375,1.6638419910995546,2.2727298560189335,46.69453056331122,3,0.0,0.08481164840277472
Base demand,1.0,1.0,B: 2 guards 7-9 AM,4,14,375,0.7110890226195402,0.6918344437180245,46.69453056331122,2,0.0,0.07269569863094977
Base demand,1.0,1.0,C: 2 guards 7-10 AM,4,15,375,0.339287610081638,0.07490732114407174,29.258518212431568,1,0.0,0.06784931872221979
Demand +20%,1.2,1.0,A: 1 guard,4,12,456,1.9388276405416613,2.7926432257226055,49.10024521855917,4,0.0,0.1010342307577198
Demand +20%,1.2,1.0,B: 2 guards 7-9 AM,4,14,456,0.5526297820341154,0.3800240521369531,39.64202712877636,1,0.0,0.08660076922090275
Demand +20%,1.2,1.0,C: 2 guards 7-10 AM,4,15,456,0.39001408947293004,0.09699826661061531,39.64202712877636,1,0.0,0.08082738460617589
Processing time -20%,1.0,0.8,A: 1 guard,4,12,375,1.0354810190938875,1.4259687751812289,37.144800769384574,3,0.0,0.06784931872221978
Processing time -20%,1.0,0.8,B: 2 guards 7-9 AM,4,14,375,0.463712411241563,0.477237678081133,37.144800769384574,2,0.0,0.05815655890475981
Processing time -20%,1.0,0.8,C: 2 guards 7-10 AM,4,15,375,0.2023141078776051,0.04350155524270726,19.823002175127726,1,0.0,0.05427945497777582
Processing time +20%,1.0,1.2,A: 1 guard,4,12,375,2.4216072198627616,3.2938691793151884,56.24426035723786,3,0.0,0.10177397808332968
Processing time +20%,1.0,1.2,B: 2 guards 7-9 AM,4,14,375,1.0177989627233217,0.9645413190174452,56.24426035723786,2,0.0,0.08723483835713976
Processing time +20%,1.0,1.2,C: 2 guards 7-10 AM,4,15,375,0.5135944456158644,0.12791877956923042,38.69403424973541,1,0.0,0.08141918246666374
Demand -20%,0.8,1.0,A: 1 guard,5,12,321,0.4777014556044818,0.5825494093403691,33.93780077560223,2,0.0,0.07052595501595461
Demand -20%,0.8,1.0,B: 2 guards 7-9 AM,5,14,321,0.24180887790370534,0.13449309311581747,33.93780077560223,1,0.0,0.060449213303175965
Demand -20%,0.8,1.0,C: 2 guards 7-10 AM,5,15,321,0.17100098775861763,0.0,33.93780077560223,1,0.0,0.05642076401276365
Base demand,1.0,1.0,A: 1 guard,5,12,401,0.8254690492275284,1.3756158033835186,53.859984148285776,2,0.0,0.08691489524734351
Base demand,1.0,1.0,B: 2 guards 7-9 AM,5,14,401,0.4417396353780747,0.6463480547881113,53.859984148285776,2,0.0,0.07449848164058011
Base demand,1.0,1.0,C: 2 guards 7-10 AM,5,15,401,0.11050347905542732,0.016842373814738687,10.161150355651216,1,0.0,0.06953191619787476
Demand +20%,1.2,1.0,A: 1 guard,5,12,487,1.2342252648038161,2.1409070462808737,59.8366391600905,3,0.0,0.10183184318693862
Demand +20%,1.2,1.0,B: 2 guards 7-9 AM,5,14,487,0.4214448384078,0.5947192820040775,59.8366391600905,2,0.0,0.08728443701737593
Demand +20%,1.2,1.0,C: 2 guards 7-10 AM,5,15,487,0.12288904898956357,0.026763541977979366,10.824823204702625,1,0.0,0.08146547454955085
Processing time -20%,1.0,0.8,A: 1 guard,5,12,401,0.4954868971329657,0.8248216277470277,39.900437979,2,0.0,0.06953191619787469
Processing time -20%,1.0,0.8,B: 2 guards 7-9 AM,5,14,401,0.263089849249965,0.3831570959883393,39.900437979,2,0.0,0.05959878531246406
Processing time -20%,1.0,0.8,C: 2 guards 7-10 AM,5,15,401,0.06488126877591346,0.006466855371776907,7.730716575088081,1,0.0,0.055625532958299785
Processing time +20%,1.0,1.2,A: 1 guard,5,12,401,1.2497819383651079,2.0965607431379105,67.81953031757155,3,0.0,0.10429787429681206
Processing time +20%,1.0,1.2,B: 2 guards 7-9 AM,5,14,401,0.6701059880958281,0.9949017096877629,67.81953031757155,3,0.0,0.08939817796869606
Processing time +20%,1.0,1.2,C: 2 guards 7-10 AM,5,15,401,0.16657703709038868,0.037958063464155214,12.674358503824124,1,0.0,0.08343829943744968
Demand -20%,0.8,1.0,A: 1 guard,6,12,306,1.090016789886195,1.901853585675395,61.87268267282377,2,0.0,0.06397742594889114
Demand -20%,0.8,1.0,B: 2 guards 7-9 AM,6,14,306,0.24802471071443138,0.29154373425939717,17.60799165013566,2,0.0,0.05482655269249705
Demand -20%,0.8,1.0,C: 2 guards 7-10 AM,6,15,306,0.12129262105337563,0.049168612782628074,10.174688064193447,1,0.0,0.051181940759112886
Base demand,1.0,1.0,A: 1 guard,6,12,393,1.2735597103828509,2.248284250192619,61.95521132343032,3,0.0,0.08191355095373852
Base demand,1.0,1.0,B: 2 guards 7-9 AM,6,14,393,0.23514674897167828,0.20780278101966446,12.945068784493401,1,0.0,0.07021161510320442
Base demand,1.0,1.0,C: 2 guards 7-10 AM,6,15,393,0.16588871837968946,0.07171075090640641,11.47715937541534,1,0.0,0.06553084076299079
Demand +20%,1.2,1.0,A: 1 guard,6,12,464,1.4154788392356754,2.4593061585287215,62.00665775497782,4,0.0,0.0960396617539644
Demand +20%,1.2,1.0,B: 2 guards 7-9 AM,6,14,464,0.2647719600834101,0.20644543309981384,14.549567713480656,1,0.0,0.0823197100748266
Demand +20%,1.2,1.0,C: 2 guards 7-10 AM,6,15,464,0.19574921491329397,0.07131229487646423,13.016746195661426,1,0.0,0.0768317294031715
Processing time -20%,1.0,0.8,A: 1 guard,6,12,393,0.8092291361510607,1.427582680702847,49.468135719856434,3,0.0,0.06553084076299076
Processing time -20%,1.0,0.8,B: 2 guards 7-9 AM,6,14,393,0.15436581258667678,0.14077624989883264,9.844600125385341,1,0.0,0.0561692920825635
Processing time -20%,1.0,0.8,C: 2 guards 7-10 AM,6,15,393,0.10089019425642166,0.03569665987988131,8.868067097241692,1,0.0,0.05242467261039262
Processing time +20%,1.0,1.2,A: 1 guard,6,12,393,1.8953719432515712,3.345037098361239,74.4422869270042,4,0.0,0.09829626114448617
Processing time +20%,1.0,1.2,B: 2 guards 7-9 AM,6,14,393,0.33488599736718583,0.2786822146984214,16.045537443603166,1,0.0,0.08425393812384531
Processing time +20%,1.0,1.2,C: 2 guards 7-10 AM,6,15,393,0.24466913661192646,0.10140608331433683,14.524276565473428,1,0.0,0.07863700891558893
Demand -20%,0.8,1.0,A: 1 guard,7,12,334,1.0777500855825588,1.1261324144620737,61.404189517626264,3,0.0,0.06754165068331063
Demand -20%,0.8,1.0,B: 2 guards 7-9 AM,7,14,334,0.5288804735875523,0.16127741232348344,61.404189517626264,2,0.0,0.05789284344283768
Demand -20%,0.8,1.0,C: 2 guards 7-10 AM,7,15,334,0.45780312068866813,0.03633090775386599,61.404189517626264,2,0.0,0.054033320546648486
Base demand,1.0,1.0,A: 1 guard,7,12,418,1.245491250781312,1.3365823455328982,70.84604294689939,3,0.0,0.08755552673673146
Base demand,1.0,1.0,B: 2 guards 7-9 AM,7,14,418,0.5937534734652529,0.15211977632371232,70.84604294689939,2,0.0,0.07504759434576984
Base demand,1.0,1.0,C: 2 guards 7-10 AM,7,15,418,0.5431367428935513,0.06012937032818523,70.84604294689939,2,0.0,0.07004442138938516
Demand +20%,1.2,1.0,A: 1 guard,7,12,500,1.4792410998987835,1.6500262283452287,75.97495098255195,3,0.0,0.1079727167504132
Demand +20%,1.2,1.0,B: 2 guards 7-9 AM,7,14,500,0.7918276317669762,0.3817356967367282,75.97495098255195,3,0.0,0.0925480429289257
Demand +20%,1.2,1.0,C: 2 guards 7-10 AM,7,15,500,0.630236214474815,0.08359655044122787,75.97495098255195,3,0.0,0.08637817340033065
Processing time -20%,1.0,0.8,A: 1 guard,7,12,418,0.7872354921967903,0.8298445021934214,53.31973091600048,3,0.0,0.07004442138938523
Processing time -20%,1.0,0.8,B: 2 guards 7-9 AM,7,14,418,0.38094452894986447,0.09145483855335636,53.31973091600048,2,0.0,0.060038075476615896
Processing time -20%,1.0,0.8,C: 2 guards 7-10 AM,7,15,418,0.34422572617484554,0.024722405683974102,53.31973091600048,2,0.0,0.05603553711150815
Processing time +20%,1.0,1.2,A: 1 guard,7,12,418,1.8398826498412775,1.980198793221013,88.3723549777983,4,0.0,0.10506663208407778
Processing time +20%,1.0,1.2,B: 2 guards 7-9 AM,7,14,418,0.8793384739769509,0.23451416056323698,88.3723549777983,2,0.0,0.0900571132149238
Processing time +20%,1.0,1.2,C: 2 guards 7-10 AM,7,15,418,0.8019509266349397,0.09387070495906026,88.3723549777983,2,0.0,0.08405330566726223
Demand -20%,0.8,1.0,A: 1 guard,8,12,320,1.2590259920470206,1.7464456206562053,47.00521806756683,2,0.0,0.06679272493087411
Demand -20%,0.8,1.0,B: 2 guards 7-9 AM,8,14,320,0.3688307521006573,0.21492692827536536,47.00521806756683,1,0.0,0.05725090708360634
Demand -20%,0.8,1.0,C: 2 guards 7-10 AM,8,15,320,0.29825921198680216,0.0935135259289479,47.00521806756683,1,0.0,0.05343417994469925
Base demand,1.0,1.0,A: 1 guard,8,12,394,1.652141312106634,2.143061021929726,68.83553367622767,4,0.0,0.08142410133559078
Base demand,1.0,1.0,B: 2 guards 7-9 AM,8,14,394,0.5117044647460647,0.10064230438397911,68.83553367622767,1,0.0,0.06979208685907777
Base demand,1.0,1.0,C: 2 guards 7-10 AM,8,15,394,0.5117044647460647,0.10064230438397911,68.83553367622767,1,0.0,0.0651392810684726
Demand +20%,1.2,1.0,A: 1 guard,8,12,484,1.7876046648883472,2.6193803669388274,68.83553367622767,4,0.0,0.10050636118868489
Demand +20%,1.2,1.0,B: 2 guards 7-9 AM,8,14,484,0.5269759394997269,0.30822770372635666,68.83553367622767,2,0.0,0.08614830959030136
Demand +20%,1.2,1.0,C: 2 guards 7-10 AM,8,15,484,0.4173840742438474,0.1073092840905776,68.83553367622767,1,0.0,0.08040508895094793
Processing time -20%,1.0,0.8,A: 1 guard,8,12,394,1.0285848012818273,1.251305155134481,50.99893221431216,3,0.0,0.06513928106847258
Processing time -20%,1.0,0.8,B: 2 guards 7-9 AM,8,14,394,0.36436678208308093,0.0617510662058171,50.99893221431216,1,0.0,0.05583366948726225
Processing time -20%,1.0,0.8,C: 2 guards 7-10 AM,8,15,394,0.36436678208308093,0.0617510662058171,50.99893221431216,1,0.0,0.05211142485477811
Processing time +20%,1.0,1.2,A: 1 guard,8,12,394,2.4735708343181533,3.378847498611134,86.67213513814659,4,0.0,0.09770892160270894
Processing time +20%,1.0,1.2,B: 2 guards 7-9 AM,8,14,394,0.6737900507431779,0.15560373166322383,86.67213513814659,1,0.0,0.08375050423089336
Processing time +20%,1.0,1.2,C: 2 guards 7-10 AM,8,15,394,0.6693270373186241,0.14761088034834108,86.67213513814659,1,0.0,0.07816713728216713
Demand -20%,0.8,1.0,A: 1 guard,9,12,287,0.6964769449605033,0.9218398526805567,27.558402256478303,2,0.0,0.05883331297551177
Demand -20%,0.8,1.0,B: 2 guards 7-9 AM,9,14,287,0.2766571701937833,0.1444961406931461,27.558402256478303,2,0.0,0.050428553979010096
Demand -20%,0.8,1.0,C: 2 guards 7-10 AM,9,15,287,0.19861918480201451,0.0,27.558402256478303,2,0.0,0.047066650380409435
Base demand,1.0,1.0,A: 1 guard,9,12,380,1.2942546858632507,1.4186635903038995,49.45312356570412,2,0.0,0.0821067101957865
Base demand,1.0,1.0,B: 2 guards 7-9 AM,9,14,380,0.6615703755837687,0.18574031899003804,49.45312356570412,2,0.0,0.07037718016781701
Base demand,1.0,1.0,C: 2 guards 7-10 AM,9,15,380,0.5775680401446475,0.022043460185596605,49.45312356570412,2,0.0,0.0656853681566292
Demand +20%,1.2,1.0,A: 1 guard,9,12,464,1.813187480574418,1.8965371185412503,65.16100546311236,3,0.0,0.10337055103083322
Demand +20%,1.2,1.0,B: 2 guards 7-9 AM,9,14,464,1.0317482058224223,0.3268928610307484,65.16100546311236,3,0.0,0.08860321380923722
Demand +20%,1.2,1.0,C: 2 guards 7-10 AM,9,15,464,0.9267706106174018,0.11602877369252557,65.16100546311236,3,0.0,0.08269644082466654
Processing time -20%,1.0,0.8,A: 1 guard,9,12,380,0.7814304126559488,0.8036228056075869,37.22829722770712,2,0.0,0.06568536815662922
Processing time -20%,1.0,0.8,B: 2 guards 7-9 AM,9,14,380,0.40984068717142313,0.0794992379967163,37.22829722770712,2,0.0,0.056301744134253574
Processing time -20%,1.0,0.8,C: 2 guards 7-10 AM,9,15,380,0.369045025567845,0.0,37.22829722770712,2,0.0,0.05254829452530334
Processing time +20%,1.0,1.2,A: 1 guard,9,12,380,1.8437592463962778,2.080594541658769,61.67794990370112,2,0.0,0.0985280522349438
Processing time +20%,1.0,1.2,B: 2 guards 7-9 AM,9,14,380,0.9371490529880968,0.3138669852735959,61.67794990370112,2,0.0,0.08444188652183975
Processing time +20%,1.0,1.2,C: 2 guards 7-10 AM,9,15,380,0.8076284365700237,0.06146783533068419,61.67794990370112,2,0.0,0.07882244178795506
Demand -20%,0.8,1.0,A: 1 guard,10,12,303,1.5357097963316604,2.367067100243138,101.59971271924135,3,0.0,0.07102472255911081
Demand -20%,0.8,1.0,B: 2 guards 7-9 AM,10,14,303,0.25846377353830396,0.22891491843989498,31.21276832866613,2,0.0,0.06087833362209497
Demand -20%,0.8,1.0,C: 2 guards 7-10 AM,10,15,303,0.25846377353830396,0.22891491843989498,31.21276832866613,2,0.0,0.05681977804728862
Base demand,1.0,1.0,A: 1 guard,10,12,383,1.5551217562087492,2.6601521532964822,100.36271660856016,3,0.0,0.0898261222331907
Base demand,1.0,1.0,B: 2 guards 7-9 AM,10,14,383,0.4204758887325335,0.6667146888772589,43.33918365141756,2,0.0,0.07699381905702057
Base demand,1.0,1.0,C: 2 guards 7-10 AM,10,15,383,0.15602623296614657,0.20210818356291863,29.975772217985046,2,0.0,0.07186089778655255
Demand +20%,1.2,1.0,A: 1 guard,10,12,464,2.04647457323948,3.2835150811355462,107.7846932726456,4,0.0,0.10803477452423936
Demand +20%,1.2,1.0,B: 2 guards 7-9 AM,10,14,464,0.5265594395736961,0.451223426433042,42.86703077060565,2,0.0,0.09260123530649095
Demand +20%,1.2,1.0,C: 2 guards 7-10 AM,10,15,464,0.4242811424139596,0.260632543372328,42.86703077060565,2,0.0,0.08642781961939154
Processing time -20%,1.0,0.8,A: 1 guard,10,12,383,1.0360277318381554,1.7753310570895664,71.38380128994581,3,0.0,0.07186089778655258
Processing time -20%,1.0,0.8,B: 2 guards 7-9 AM,10,14,383,0.22505271716113476,0.3505446780927825,32.31074821598895,2,0.0,0.06159505524561649
Processing time -20%,1.0,0.8,C: 2 guards 7-10 AM,10,15,383,0.08532130143815307,0.10505324588222295,15.074245777485622,2,0.0,0.05748871822924207
Processing time +20%,1.0,1.2,A: 1 guard,10,12,383,2.2797972352221767,3.9061553464217624,129.34163192717463,3,0.0,0.10779134667982879
Processing time +20%,1.0,1.2,B: 2 guards 7-9 AM,10,14,383,0.688724517366419,1.110830342115546,54.36761908684787,2,0.0,0.0923925828684247
Processing time +20%,1.0,1.2,C: 2 guards 7-10 AM,10,15,383,0.2582405335144829,0.35452132461420877,44.87729865848447,2,0.0,0.08623307734386307
Demand -20%,0.8,1.0,A: 1 guard,11,12,322,0.74754365901886,1.1749492402403894,33.90651963907402,2,0.0,0.07582767565087126
Demand -20%,0.8,1.0,B: 2 guards 7-9 AM,11,14,322,0.18863774670552916,0.2277507993725339,14.802478500335496,2,0.0,0.06499515055788968
Demand -20%,0.8,1.0,C: 2 guards 7-10 AM,11,15,322,0.06057438110406975,0.01071709556374482,8.652422380124563,1,0.0,0.06066214052069701
Base demand,1.0,1.0,A: 1 guard,11,12,392,1.4000405900137642,2.1045454090093068,40.57589981964938,3,0.0,0.08965786496640701
Base demand,1.0,1.0,B: 2 guards 7-9 AM,11,14,392,0.26976583600319154,0.1265645894908042,26.345189047498252,2,0.0,0.07684959854263461
Base demand,1.0,1.0,C: 2 guards 7-10 AM,11,15,392,0.2322535741586443,0.060918131262846585,26.345189047498252,2,0.0,0.07172629197312562
Demand +20%,1.2,1.0,A: 1 guard,11,12,464,1.6823204477084097,2.568145096277265,43.44445043495071,3,0.0,0.10412850089165071
Demand +20%,1.2,1.0,B: 2 guards 7-9 AM,11,14,464,0.3564694077481601,0.20201093265589656,26.345189047498252,2,0.0,0.08925308097280384
Demand +20%,1.2,1.0,C: 2 guards 7-10 AM,11,15,464,0.28223213637487304,0.06952595605126122,26.345189047498252,2,0.0,0.08330290551917313
Processing time -20%,1.0,0.8,A: 1 guard,11,12,392,0.739012104509723,1.1206385388745905,29.706911265030413,2,0.0,0.07172629197312559
Processing time -20%,1.0,0.8,B: 2 guards 7-9 AM,11,14,392,0.1434063555826847,0.07832847825227356,16.500567808697042,1,0.0,0.06147967883410763
Processing time -20%,1.0,0.8,C: 2 guards 7-10 AM,11,15,392,0.11708234844421957,0.032261465759959584,16.500567808697042,1,0.0,0.05738103357850047
Processing time +20%,1.0,1.2,A: 1 guard,11,12,392,2.1367573780146083,3.22090680851342,51.44488837426877,3,0.0,0.10758943795968842
Processing time +20%,1.0,1.2,B: 2 guards 7-9 AM,11,14,392,0.40231814734516574,0.1856381548418952,36.18981028630287,2,0.0,0.09221951825116151
Processing time +20%,1.0,1.2,C: 2 guards 7-10 AM,11,15,392,0.35282382967313997,0.0990230989158501,36.18981028630287,2,0.0,0.08607155036775072
Demand -20%,0.8,1.0,A: 1 guard,12,12,337,1.2552337772816324,2.223661805202085,57.72382177835297,4,0.0,0.07384563006150954
Demand -20%,0.8,1.0,B: 2 guards 7-9 AM,12,14,337,0.16785010122566713,0.17646460502968106,8.507088710854305,2,0.0,0.06329625433843672
Demand -20%,0.8,1.0,C: 2 guards 7-10 AM,12,15,337,0.1237267885790896,0.09339445775651553,8.507088710854305,2,0.0,0.05907650404920762
Base demand,1.0,1.0,A: 1 guard,12,12,407,1.581672379175509,2.50649756627754,58.60408144565909,5,0.0,0.09072908298754301
Base demand,1.0,1.0,B: 2 guards 7-9 AM,12,14,407,0.27016582943521106,0.17556671149893213,13.633644291985547,2,0.0,0.07776778541789398
Base demand,1.0,1.0,C: 2 guards 7-10 AM,12,15,407,0.229883026568652,0.10397238500683802,13.633644291985547,2,0.0,0.07258326639003437
Demand +20%,1.2,1.0,A: 1 guard,12,12,482,2.172712736196147,3.2088970833793056,59.068662936737155,5,0.0,0.11217930881472463
Demand +20%,1.2,1.0,B: 2 guards 7-9 AM,12,14,482,0.6601599264456065,0.5285645308066567,48.10294246396097,2,0.0,0.09609950833518953
Demand +20%,1.2,1.0,C: 2 guards 7-10 AM,12,15,482,0.42561455282114796,0.11293633195743222,48.10294246396097,2,0.0,0.08974344705177974
Processing time -20%,1.0,0.8,A: 1 guard,12,12,407,0.9155565698509455,1.5090836254328115,46.325767367233084,4,0.0,0.0725832663900344
Processing time -20%,1.0,0.8,B: 2 guards 7-9 AM,12,14,407,0.12862404619198428,0.11047429299090239,6.805670968683444,2,0.0,0.062214228334315155
Processing time -20%,1.0,0.8,C: 2 guards 7-10 AM,12,15,407,0.1044753836322961,0.06755505429311598,6.805670968683444,2,0.0,0.05806661311202749
Processing time +20%,1.0,1.2,A: 1 guard,12,12,407,2.5581945417535983,3.992902503878183,70.8823955240851,5,0.0,0.10887489958505159
Processing time +20%,1.0,1.2,B: 2 guards 7-9 AM,12,14,407,0.46066843076516867,0.2649849179729819,26.480922084139138,2,0.0,0.09332134250147274
Processing time +20%,1.0,1.2,C: 2 guards 7-10 AM,12,15,407,0.4011958985817214,0.1592848280224883,26.480922084139138,2,0.0,0.08709991966804122
Demand -20%,0.8,1.0,A: 1 guard,13,12,336,2.085589913722709,3.763755418854243,66.76464396082118,4,0.0,0.08471304287790533
Demand -20%,0.8,1.0,B: 2 guards 7-9 AM,13,14,336,0.3075261083398268,0.38844785609351756,35.88817916192795,2,0.0,0.07261117960963313
Demand -20%,0.8,1.0,C: 2 guards 7-10 AM,13,15,336,0.11997349667184004,0.03241577970683084,7.25528344712302,1,0.0,0.06777043430232427
Base demand,1.0,1.0,A: 1 guard,13,12,404,2.965977057196175,4.196594284066528,71.9384060145498,4,0.0,0.10302335409242905
Base demand,1.0,1.0,B: 2 guards 7-9 AM,13,14,404,1.010528381709213,0.6698029229204,66.42704355597971,2,0.0,0.08830573207922489
Base demand,1.0,1.0,C: 2 guards 7-10 AM,13,15,404,0.6577655984015539,0.03357004588337225,66.42704355597971,2,0.0,0.08241868327394321
Demand +20%,1.2,1.0,A: 1 guard,13,12,477,3.2353697971891378,4.8148258546491265,82.49435065336769,5,0.0,0.11898970038881415
Demand +20%,1.2,1.0,B: 2 guards 7-9 AM,13,14,477,0.9105846256307899,0.5983903914045174,66.42704355597971,3,0.0,0.10199117176184064
Demand +20%,1.2,1.0,C: 2 guards 7-10 AM,13,15,477,0.6293413751097666,0.08830282296904943,66.42704355597971,2,0.0,0.09519176031105127
Processing time -20%,1.0,0.8,A: 1 guard,13,12,404,1.8232807042330381,2.6376921448628865,53.411715168656855,4,0.0,0.08241868327394318
Processing time -20%,1.0,0.8,B: 2 guards 7-9 AM,13,14,404,0.5935442737960483,0.41977465425331567,35.83868375974134,2,0.0,0.07064458566337992
Processing time -20%,1.0,0.8,C: 2 guards 7-10 AM,13,15,404,0.37213241331707453,0.020442548746595027,35.83868375974134,2,0.0,0.06593494661915458
Processing time +20%,1.0,1.2,A: 1 guard,13,12,404,4.489372839472322,6.163755793618568,97.01540335221807,5,0.0,0.12362802491091485
Processing time +20%,1.0,1.2,B: 2 guards 7-9 AM,13,14,404,1.6256051085814611,0.9987461361189779,97.01540335221807,3,0.0,0.10596687849506986
Processing time +20%,1.0,1.2,C: 2 guards 7-10 AM,13,15,404,1.1169912868313852,0.08142477903401929,97.01540335221807,3,0.0,0.09890241992873186
Demand -20%,0.8,1.0,A: 1 guard,14,12,346,1.8189992505410264,2.8290091710065375,64.64492696556931,4,0.0,0.07381279070574821
Demand -20%,0.8,1.0,B: 2 guards 7-9 AM,14,14,346,0.5462018917690282,0.4739937371289367,47.994503212545396,2,0.0,0.06326810631921276
Demand -20%,0.8,1.0,C: 2 guards 7-10 AM,14,15,346,0.47291520629642936,0.3383937736341817,47.994503212545396,2,0.0,0.05904691193754841
Base demand,1.0,1.0,A: 1 guard,14,12,427,2.4014421382725946,3.619312907647484,77.23202342717201,5,0.0,0.09792523123212715
Base demand,1.0,1.0,B: 2 guards 7-9 AM,14,14,427,0.9416835771446864,1.0542227611387736,56.76763362519296,3,0.0,0.08392901241301147
Base demand,1.0,1.0,C: 2 guards 7-10 AM,14,15,427,0.5768481671274613,0.41313337810439027,40.2031517757041,3,0.0,0.07834018498570174
Demand +20%,1.2,1.0,A: 1 guard,14,12,506,3.004393769311788,4.252001318488096,86.41918991656766,5,0.0,0.11990172030261877
Demand +20%,1.2,1.0,B: 2 guards 7-9 AM,14,14,506,0.9742051218655854,0.6974149669040877,48.22506562840431,4,0.0,0.10276642557189414
Demand +20%,1.2,1.0,C: 2 guards 7-10 AM,14,15,506,0.8704420542902453,0.5157398382081634,48.22506562840431,4,0.0,0.095921376242095
Processing time -20%,1.0,0.8,A: 1 guard,14,12,427,1.5212374420450432,2.377717097682196,55.91164039299031,4,0.0,0.07834018498570183
Processing time -20%,1.0,0.8,B: 2 guards 7-9 AM,14,14,427,0.5354566637058933,0.6455014913002334,43.79445205474269,2,0.0,0.06714872998774438
Processing time -20%,1.0,0.8,C: 2 guards 7-10 AM,14,15,427,0.3009264879820478,0.23338468046038974,28.8313337545992,2,0.0,0.06267214798856141
Processing time +20%,1.0,1.2,A: 1 guard,14,12,427,3.439515462812172,5.116768213825712,98.55240646135456,5,0.0,0.1175102774785525
Processing time +20%,1.0,1.2,B: 2 guards 7-9 AM,14,14,427,1.4150467384283703,1.5593684388796913,69.74081519564322,4,0.0,0.1007230949816165
Processing time +20%,1.0,1.2,C: 2 guards 7-10 AM,14,15,427,0.8852269264968878,0.6283681932223126,51.574969796809,3,0.0,0.09400822198284207
Demand -20%,0.8,1.0,A: 1 guard,15,12,315,1.0566867521829497,2.026619778378253,68.33282907636587,2,0.0,0.07032248011849397
Demand -20%,0.8,1.0,B: 2 guards 7-9 AM,15,14,315,0.15783166600602905,0.12635567001764897,13.39753072914732,1,0.0,0.060276411530137686
Demand -20%,0.8,1.0,C: 2 guards 7-10 AM,15,15,315,0.09806342844212529,8.941393486914012e-17,13.39753072914732,1,0.0,0.05625798409479516
Base demand,1.0,1.0,A: 1 guard,15,12,409,1.1808574467040782,1.8442250874365034,68.52458885282516,2,0.0,0.08907993638150342
Base demand,1.0,1.0,B: 2 guards 7-9 AM,15,14,409,0.29431508194464845,0.04026574819965357,38.6552133437192,1,0.0,0.07635423118414579
Base demand,1.0,1.0,C: 2 guards 7-10 AM,15,15,409,0.27490893596023713,0.0007776203010255341,38.6552133437192,1,0.0,0.07126394910520274
Demand +20%,1.2,1.0,A: 1 guard,15,12,489,1.4164487477635441,2.3663394004086373,68.78026855477081,3,0.0,0.10624087268003367
Demand +20%,1.2,1.0,B: 2 guards 7-9 AM,15,14,489,0.413992942581259,0.2979812200958209,40.39343618578414,1,0.0,0.09106360515431451
Demand +20%,1.2,1.0,C: 2 guards 7-10 AM,15,15,489,0.27825087743372706,0.017905819854710618,40.39343618578414,1,0.0,0.08499269814402689
Processing time -20%,1.0,0.8,A: 1 guard,15,12,409,0.7549080099852372,1.1674749451169752,54.512855439925474,2,0.0,0.07126394910520278
Processing time -20%,1.0,0.8,B: 2 guards 7-9 AM,15,14,409,0.19123542232657734,0.020499381174726865,29.881236969735028,1,0.0,0.06108338494731666
Processing time -20%,1.0,0.8,C: 2 guards 7-10 AM,15,15,409,0.18116115431650376,0.0,29.881236969735028,1,0.0,0.05701115928416221
Processing time +20%,1.0,1.2,A: 1 guard,15,12,409,1.8694557362610367,2.9733832384308863,82.53632226572485,3,0.0,0.10689592365780401
Processing time +20%,1.0,1.2,B: 2 guards 7-9 AM,15,14,409,0.4653763898071766,0.11632625982576819,47.429189717699956,2,0.0,0.09162507742097485
Processing time +20%,1.0,1.2,C: 2 guards 7-10 AM,15,15,409,0.42129071209650737,0.02661958229510295,47.429189717699956,2,0.0,0.08551673892624323
Demand -20%,0.8,1.0,A: 1 guard,16,12,353,1.29027164413606,1.976553495024392,49.22435241158894,2,0.0,0.08589948783565678
Demand -20%,0.8,1.0,B: 2 guards 7-9 AM,16,14,353,0.38954548799824823,0.30309911019993085,39.119973457940205,1,0.0,0.07362813243056295
Demand -20%,0.8,1.0,C: 2 guards 7-10 AM,16,15,353,0.24046452846863625,0.026122380126493955,39.119973457940205,1,0.0,0.06871959026852542
Base demand,1.0,1.0,A: 1 guard,16,12,432,1.6429593281263517,2.6638697830640305,55.16598067035133,3,0.0,0.10170025113381084
Base demand,1.0,1.0,B: 2 guards 7-9 AM,16,14,432,0.3665303391560388,0.2131261242410299,43.23945442877573,2,0.0,0.08716493552376951
Base demand,1.0,1.0,C: 2 guards 7-10 AM,16,15,432,0.31064641401241455,0.10582898796527142,43.23945442877573,1,0.0,0.08136020090704872
Demand +20%,1.2,1.0,A: 1 guard,16,12,514,1.9746131217174137,3.380307954909723,57.21041189917301,4,0.0,0.12009504573250457
Demand +20%,1.2,1.0,B: 2 guards 7-9 AM,16,14,514,0.4707323895042914,0.5897133832218355,47.35893539961296,2,0.0,0.10293861062786112
Demand +20%,1.2,1.0,C: 2 guards 7-10 AM,16,15,514,0.21939757475006652,0.12333758977897775,13.285553219584472,2,0.0,0.09607603658600368
Processing time -20%,1.0,0.8,A: 1 guard,16,12,432,0.9716707180695097,1.5217391660850013,41.67946706169488,2,0.0,0.08136020090704875
Processing time -20%,1.0,0.8,B: 2 guards 7-9 AM,16,14,432,0.23853189036986314,0.11411261690167956,32.94377115468535,2,0.0,0.06973731506318462
Processing time -20%,1.0,0.8,C: 2 guards 7-10 AM,16,15,432,0.19691727512873897,0.03421255563872118,32.94377115468535,1,0.0,0.06508816072563899
Processing time +20%,1.0,1.2,A: 1 guard,16,12,432,2.4728728071500967,4.087438559654023,72.37497909786221,4,0.0,0.12204030136057303
Processing time +20%,1.0,1.2,B: 2 guards 7-9 AM,16,14,432,0.4974005843039538,0.29453189178942973,53.53513770286611,2,0.0,0.10460597259477691
Processing time +20%,1.0,1.2,C: 2 guards 7-10 AM,16,15,432,0.42322960129066,0.15212360440390568,53.53513770286611,1,0.0,0.09763224108845844
Demand -20%,0.8,1.0,A: 1 guard,17,12,315,1.2231858450430166,2.117867893869335,58.55232034847745,3,0.0,0.07250488252233513
Demand -20%,0.8,1.0,B: 2 guards 7-9 AM,17,14,315,0.21010733926361863,0.19545988591445276,13.1750890889316,2,0.0,0.062141264253773525
Demand -20%,0.8,1.0,C: 2 guards 7-10 AM,17,15,315,0.15314552342762713,0.08736969321362555,13.1750890889316,2,0.0,0.057998086847015774
Base demand,1.0,1.0,A: 1 guard,17,12,392,1.6668414505389935,2.238403982430599,59.69004185544151,3,0.0,0.09064057314266225
Base demand,1.0,1.0,B: 2 guards 7-9 AM,17,14,392,0.5874388673832932,0.1642578422490579,44.40490490677803,2,0.0,0.07769045414877215
Base demand,1.0,1.0,C: 2 guards 7-10 AM,17,15,392,0.5454728159171972,0.08361719433381468,44.40490490677803,2,0.0,0.0725124585141298
Demand +20%,1.2,1.0,A: 1 guard,17,12,455,1.835403891736303,2.2399785279211923,60.25890260892268,3,0.0,0.10468025511869006
Demand +20%,1.2,1.0,B: 2 guards 7-9 AM,17,14,455,0.662414736068208,0.13045257602797788,44.40490490677803,2,0.0,0.0897259329588771
Demand +20%,1.2,1.0,C: 2 guards 7-10 AM,17,15,455,0.6253853996423636,0.0638583148668743,44.40490490677803,2,0.0,0.08374420409495198
Processing time -20%,1.0,0.8,A: 1 guard,17,12,392,1.0687258073634485,1.4295835357739755,47.06940058017494,3,0.0,0.07251245851412975
Processing time -20%,1.0,0.8,B: 2 guards 7-9 AM,17,14,392,0.38283464004723755,0.11159658681341297,31.359948483042217,2,0.0,0.0621535358692541
Processing time -20%,1.0,0.8,C: 2 guards 7-10 AM,17,15,392,0.35473638645128586,0.057603864217270484,31.359948483042217,2,0.0,0.05800996681130385
Processing time +20%,1.0,1.2,A: 1 guard,17,12,392,2.3931206572566484,3.2822552992608895,72.31068313070807,3,0.0,0.10876868777119471
Processing time +20%,1.0,1.2,B: 2 guards 7-9 AM,17,14,392,0.8062403605411196,0.23295590557222692,57.44986133051384,2,0.0,0.09323030380388114
Processing time +20%,1.0,1.2,C: 2 guards 7-10 AM,17,15,392,0.7467694899580258,0.11867854641255642,57.44986133051384,2,0.0,0.08701495021695574
Demand -20%,0.8,1.0,A: 1 guard,18,12,304,1.7453995015970616,2.769056370204805,52.418455744195285,3,0.0,0.07457853972223842
Demand -20%,0.8,1.0,B: 2 guards 7-9 AM,18,14,304,0.9679973122189679,1.2637680544663303,36.976879203237445,2,0.0,0.06392446261906147
Demand -20%,0.8,1.0,C: 2 guards 7-10 AM,18,15,304,0.3496662808700852,0.0664901338926979,15.77294709406317,2,0.0,0.05966283177779069
Base demand,1.0,1.0,A: 1 guard,18,12,395,2.292525875154054,3.991247899082208,53.60655685498202,5,0.0,0.09558916034097437
Base demand,1.0,1.0,B: 2 guards 7-9 AM,18,14,395,0.7545636912762983,1.013330925397337,26.27540303115552,3,0.0,0.08193356600654943
Base demand,1.0,1.0,C: 2 guards 7-10 AM,18,15,395,0.41247109693816747,0.350945754987721,26.215691882345027,3,0.0,0.07647132827277948
Demand +20%,1.2,1.0,A: 1 guard,18,12,452,2.60286511023371,4.277166614900214,60.739478542633805,6,0.0,0.10893108676141126
Demand +20%,1.2,1.0,B: 2 guards 7-9 AM,18,14,452,0.7272840958889611,0.7594794012743779,39.53524848233144,3,0.0,0.09336950293835251
Demand +20%,1.2,1.0,C: 2 guards 7-10 AM,18,15,452,0.5475729810469622,0.4224278497864793,19.93563540396252,3,0.0,0.08714486940912904
Processing time -20%,1.0,0.8,A: 1 guard,18,12,395,1.4871484895855573,2.5784568326577135,42.09741105920969,5,0.0,0.07647132827277954
Processing time -20%,1.0,0.8,B: 2 guards 7-9 AM,18,14,395,0.4597736200692843,0.5891770608002243,17.43847070788945,3,0.0,0.0655468528052396
Processing time -20%,1.0,0.8,C: 2 guards 7-10 AM,18,15,395,0.24155274785123187,0.16664154841723064,15.644730865881797,3,0.0,0.06117706261822364
Processing time +20%,1.0,1.2,A: 1 guard,18,12,395,3.236678281322649,5.605492468919301,72.88737425115997,6,0.0,0.11470699240916932
Processing time +20%,1.0,1.2,B: 2 guards 7-9 AM,18,14,395,1.1067336957865352,1.4813350606508446,37.98669523704973,3,0.0,0.09832027920785935
Processing time +20%,1.0,1.2,C: 2 guards 7-10 AM,18,15,395,0.6383064770106167,0.5743313772366885,36.786652898808256,3,0.0,0.09176559392733537
Demand -20%,0.8,1.0,A: 1 guard,19,12,307,0.7031528407552262,1.2289371541523817,75.53626720429634,2,0.0,0.07046508154535332
Demand -20%,0.8,1.0,B: 2 guards 7-9 AM,19,14,307,0.39627202140684875,0.6211151442172083,75.53626720429634,1,0.0,0.06039864132458856
Demand -20%,0.8,1.0,C: 2 guards 7-10 AM,19,15,307,0.0995908224048464,0.03349496296808106,11.226039737970837,1,0.0,0.05637206523628266
Base demand,1.0,1.0,A: 1 guard,19,12,379,0.843418990310149,1.483929678446198,79.26110529759882,3,0.0,0.086596956416092
Base demand,1.0,1.0,B: 2 guards 7-9 AM,19,14,379,0.15750308635100582,0.2341117572898745,15.282376042945884,2,0.0,0.07422596264236458
Base demand,1.0,1.0,C: 2 guards 7-10 AM,19,15,379,0.05694644826867133,0.050885960014851545,5.015661857293026,2,0.0,0.0692775651328736
Demand +20%,1.2,1.0,A: 1 guard,19,12,452,1.3260008972545312,1.7661447814928726,80.31165982410812,3,0.0,0.1064770330399066
Demand +20%,1.2,1.0,B: 2 guards 7-9 AM,19,14,452,0.4721409002596399,0.2223659069261092,37.19572001913775,3,0.0,0.09126602831991994
Demand +20%,1.2,1.0,C: 2 guards 7-10 AM,19,15,452,0.38290760272880653,0.061032104990362365,37.19572001913775,3,0.0,0.08518162643192527
Processing time -20%,1.0,0.8,A: 1 guard,19,12,379,0.5270647705763177,0.9522391972611235,61.51788609036231,2,0.0,0.06927756513287367
Processing time -20%,1.0,0.8,B: 2 guards 7-9 AM,19,14,379,0.09369662667498316,0.16259243505628795,11.47703874728279,2,0.0,0.059380770113891694
Processing time -20%,1.0,0.8,C: 2 guards 7-10 AM,19,15,379,0.021155976029458803,0.030414999505068086,2.2827691798966043,1,0.0,0.05542205210629891
Processing time +20%,1.0,1.2,A: 1 guard,19,12,379,1.3318285923012787,2.19232016723998,97.00432450483362,3,0.0,0.10391634769931037
Processing time +20%,1.0,1.2,B: 2 guards 7-9 AM,19,14,379,0.31059181597688884,0.33150892576428886,19.087713338605568,2,0.0,0.08907115517083744
Processing time +20%,1.0,1.2,C: 2 guards 7-10 AM,19,15,379,0.17730526800389168,0.08864545614041418,13.27648112543784,2,0.0,0.08313307815944827
Demand -20%,0.8,1.0,A: 1 guard,20,12,336,1.1397540788580598,1.4518648668011758,31.13994092150847,2,0.0,0.08999222254987664
Demand -20%,0.8,1.0,B: 2 guards 7-9 AM,20,14,336,0.6518050840850924,0.5359382620876727,31.13994092150847,2,0.0,0.07713619075703718
Demand -20%,0.8,1.0,C: 2 guards 7-10 AM,20,15,336,0.3680826819148056,0.0033643675110448263,26.96532166344241,1,0.0,0.07199377803990138
Base demand,1.0,1.0,A: 1 guard,20,12,400,1.637106043264762,2.2135846997786848,36.334390317776695,3,0.0,0.10258981630333702
Base demand,1.0,1.0,B: 2 guards 7-9 AM,20,14,400,0.6085466806105927,0.3686351703541658,27.15405309780408,2,0.0,0.08793412826000326
Base demand,1.0,1.0,C: 2 guards 7-10 AM,20,15,400,0.4223277908078259,0.03461025590974108,27.15405309780408,2,0.0,0.0820718530426697
Demand +20%,1.2,1.0,A: 1 guard,20,12,472,2.3132091048762797,3.3397110510483974,40.06664905987009,3,0.0,0.12095194071300504
Demand +20%,1.2,1.0,B: 2 guards 7-9 AM,20,14,472,0.7266324539963406,0.5558293439282072,32.28695609663248,2,0.0,0.10364836682859281
Demand +20%,1.2,1.0,C: 2 guards 7-10 AM,20,15,472,0.4463444891760957,0.06402295212465477,28.87777225009131,2,0.0,0.09676155257040404
Processing time -20%,1.0,0.8,A: 1 guard,20,12,400,0.954541344377278,1.2504800158283764,26.98548288960893,2,0.0,0.08207185304266978
Processing time -20%,1.0,0.8,B: 2 guards 7-9 AM,20,14,400,0.3617900253625074,0.18724895033102992,21.69807828699504,2,0.0,0.07034730260800262
Processing time -20%,1.0,0.8,C: 2 guards 7-10 AM,20,15,400,0.2651783660929823,0.013954494242195747,21.69807828699504,2,0.0,0.06565748243413576
Processing time +20%,1.0,1.2,A: 1 guard,20,12,400,2.622863876133365,3.680058097133262,50.568151366572636,3,0.0,0.12310777956400448
Processing time +20%,1.0,1.2,B: 2 guards 7-9 AM,20,14,400,0.9588563959684492,0.6952913165683907,33.8952784090975,2,0.0,0.1055209539120039
Processing time +20%,1.0,1.2,C: 2 guards 7-10 AM,20,15,400,0.6116670659702145,0.07253018652671403,33.8952784090975,2,0.0,0.09848622365120359
Demand -20%,0.8,1.0,A: 1 guard,21,12,322,1.2886196952361562,2.119218857966313,52.04580397764673,3,0.0,0.0701125195291403
Demand -20%,0.8,1.0,B: 2 guards 7-9 AM,21,14,322,0.4301940144664856,0.5027681608444773,26.28794149904934,2,0.0,0.060096445310691665
Demand -20%,0.8,1.0,C: 2 guards 7-10 AM,21,15,322,0.2631554444835557,0.18822769573042228,14.199060968357458,2,0.0,0.05609001562331222
Base demand,1.0,1.0,A: 1 guard,21,12,400,1.4990961370013314,2.4689592338641533,53.95103908036987,4,0.0,0.08621563716101933
Base demand,1.0,1.0,B: 2 guards 7-9 AM,21,14,400,0.46199494883345815,0.6169928264215226,19.72127144297076,3,0.0,0.07389911756658797
Base demand,1.0,1.0,C: 2 guards 7-10 AM,21,15,400,0.23844830513270218,0.21780239124160128,11.177488176744816,2,0.0,0.06897250972881543
Demand +20%,1.2,1.0,A: 1 guard,21,12,483,1.690277480330279,2.927687897479752,54.770495038530385,4,0.0,0.1021469652993139
Demand +20%,1.2,1.0,B: 2 guards 7-9 AM,21,14,483,0.3459546994687519,0.42070757641366097,17.25299098487426,3,0.0,0.08755454168512622
Demand +20%,1.2,1.0,C: 2 guards 7-10 AM,21,15,483,0.26358928400546594,0.2671072070361817,11.996944134905334,3,0.0,0.08171757223945114
Processing time -20%,1.0,0.8,A: 1 guard,21,12,400,0.9694307794898334,1.6067910996153192,42.37415354446185,3,0.0,0.06897250972881544
Processing time -20%,1.0,0.8,B: 2 guards 7-9 AM,21,14,400,0.2907791273806385,0.3949131494203284,15.040722424426463,3,0.0,0.05911929405327036
Processing time -20%,1.0,0.8,C: 2 guards 7-10 AM,21,15,400,0.15182484746551347,0.14678050671474796,8.155312821561722,2,0.0,0.05517800778305234
Processing time +20%,1.0,1.2,A: 1 guard,21,12,400,2.218417498434098,3.6588817781335536,65.52792461627789,4,0.0,0.10345876459322303
Processing time +20%,1.0,1.2,B: 2 guards 7-9 AM,21,14,400,0.6487493343394944,0.855902913678904,24.401820461511647,3,0.0,0.08867894107990551
Processing time +20%,1.0,1.2,C: 2 guards 7-10 AM,21,15,400,0.3447682370049492,0.31307952558150176,14.19966353192791,2,0.0,0.0827670116745785
Demand -20%,0.8,1.0,A: 1 guard,22,12,307,0.5101239778961476,0.8408006279454896,19.72221326523595,2,0.0,0.0653555150804597
Demand -20%,0.8,1.0,B: 2 guards 7-9 AM,22,14,307,0.046917480145707326,0.018809906503956836,7.560181040311136,1,0.0,0.05601901292610829
Demand -20%,0.8,1.0,C: 2 guards 7-10 AM,22,15,307,0.037735526922574626,0.002515920148455457,7.560181040311136,1,0.0,0.05228441206436772
Base demand,1.0,1.0,A: 1 guard,22,12,367,0.870690766139186,1.2166657703369361,32.98450029402076,2,0.0,0.07666281231698178
Base demand,1.0,1.0,B: 2 guards 7-9 AM,22,14,367,0.21684316303425605,0.034586606102900264,26.61031519118069,2,0.0,0.06571098198598434
Base demand,1.0,1.0,C: 2 guards 7-10 AM,22,15,367,0.20619359821800917,0.015333451976976067,26.61031519118069,2,0.0,0.06133024985358539
Demand +20%,1.2,1.0,A: 1 guard,22,12,454,1.092312360772356,1.4354363559091317,37.7097472059981,2,0.0,0.09563191487903235
Demand +20%,1.2,1.0,B: 2 guards 7-9 AM,22,14,454,0.3946751142736477,0.13203178837656537,34.87222561750286,2,0.0,0.08197021275345621
Demand +20%,1.2,1.0,C: 2 guards 7-10 AM,22,15,454,0.3362140033664503,0.022808149068468165,34.87222561750286,2,0.0,0.07650553190322579
Processing time -20%,1.0,0.8,A: 1 guard,22,12,367,0.4557848516149026,0.6452191239301514,20.71730394084355,2,0.0,0.06133024985358536
Processing time -20%,1.0,0.8,B: 2 guards 7-9 AM,22,14,367,0.10259321807019853,0.006690407127656678,16.331105897149882,2,0.0,0.052568785588787484
Processing time -20%,1.0,0.8,C: 2 guards 7-10 AM,22,15,367,0.09984131262505369,0.0017152874312618227,16.331105897149882,2,0.0,0.0490641998828683
Processing time +20%,1.0,1.2,A: 1 guard,22,12,367,1.3601553504146586,1.8950087795692023,45.251696647197974,2,0.0,0.09199537478037806
Processing time +20%,1.0,1.2,B: 2 guards 7-9 AM,22,14,367,0.3504878921161428,0.06964938451720543,36.889524485208085,2,0.0,0.0788531783831812
Processing time +20%,1.0,1.2,C: 2 guards 7-10 AM,22,15,367,0.33164868331549474,0.03559032230125553,36.889524485208085,2,0.0,0.07359629982430248
Demand -20%,0.8,1.0,A: 1 guard,23,12,313,1.0808746208810667,1.481616752634781,63.77092197062211,3,0.0,0.06623678897516619
Demand -20%,0.8,1.0,B: 2 guards 7-9 AM,23,14,313,0.28169293276559537,0.03569843829869685,50.71102389796806,1,0.0,0.05677439055014247
Demand -20%,0.8,1.0,C: 2 guards 7-10 AM,23,15,313,0.2699013667468505,0.014364564519118007,50.71102389796806,1,0.0,0.05298943118013299
Base demand,1.0,1.0,A: 1 guard,23,12,395,1.0882145989448522,1.4674590576565398,64.63325040616354,3,0.0,0.08306063739184077
Base demand,1.0,1.0,B: 2 guards 7-9 AM,23,14,395,0.3321387318581709,0.12218893378609344,51.71912948268641,1,0.0,0.07119483205014927
Base demand,1.0,1.0,C: 2 guards 7-10 AM,23,15,395,0.27371881541784826,0.0182435869666005,51.71912948268641,1,0.0,0.06644850991347269
Demand +20%,1.2,1.0,A: 1 guard,23,12,464,1.306087479743123,1.7574160418568279,68.57758595591392,3,0.0,0.0998704834103065
Demand +20%,1.2,1.0,B: 2 guards 7-9 AM,23,14,464,0.44987978627331243,0.18713790047346002,59.111903770631784,2,0.0,0.08560327149454855
Demand +20%,1.2,1.0,C: 2 guards 7-10 AM,23,15,464,0.3612471268832468,0.024586303805513497,59.111903770631784,2,0.0,0.07989638672824531
Processing time -20%,1.0,0.8,A: 1 guard,23,12,395,0.7416236410628735,1.0075568726992987,51.189203263605805,3,0.0,0.0664485099134726
Processing time -20%,1.0,0.8,B: 2 guards 7-9 AM,23,14,395,0.2142058204431346,0.06913327294796161,36.53639677949286,1,0.0,0.05695586564011939
Processing time -20%,1.0,0.8,C: 2 guards 7-10 AM,23,15,395,0.18117663174428536,0.010365121884693797,36.53639677949286,1,0.0,0.0531588079307781
Processing time +20%,1.0,1.2,A: 1 guard,23,12,395,1.4953485949254428,2.029863378271421,79.72314917870278,3,0.0,0.09967276487020892
Processing time +20%,1.0,1.2,B: 2 guards 7-9 AM,23,14,395,0.48058642877730173,0.22431808264747594,66.90186218587655,1,0.0,0.08543379846017901
Processing time +20%,1.0,1.2,C: 2 guards 7-10 AM,23,15,395,0.3696195488079896,0.026877012431807883,66.90186218587655,1,0.0,0.07973821189616712
Demand -20%,0.8,1.0,A: 1 guard,24,12,331,1.0550425332553113,1.7403330874629153,53.775830733089585,3,0.0,0.07721453533553041
Demand -20%,0.8,1.0,B: 2 guards 7-9 AM,24,14,331,0.26209311194876267,0.22318708484749583,23.854408483005045,1,0.0,0.06618388743045464
Demand -20%,0.8,1.0,C: 2 guards 7-10 AM,24,15,331,0.15953009263791265,0.026953793564886818,23.854408483005045,1,0.0,0.06177162826842432
Base demand,1.0,1.0,A: 1 guard,24,12,412,1.4297939700585391,2.25017387044,54.824984924845026,3,0.0,0.09478542252863836
Base demand,1.0,1.0,B: 2 guards 7-9 AM,24,14,412,0.3776692353296089,0.29758202040252546,37.5954333923238,2,0.0,0.08125174352724025
Base demand,1.0,1.0,C: 2 guards 7-10 AM,24,15,412,0.2298404489874611,0.02323310160538637,34.875372015125095,1,0.0,0.07583760999034315
Demand +20%,1.2,1.0,A: 1 guard,24,12,504,1.8597674294962898,2.9320239876215295,57.751176199997474,3,0.0,0.11546522347315259
Demand +20%,1.2,1.0,B: 2 guards 7-9 AM,24,14,504,0.42402973818798223,0.22186744672494907,34.87537201512339,2,0.0,0.09898325577039677
Demand +20%,1.2,1.0,C: 2 guards 7-10 AM,24,15,504,0.31997669906604426,0.025452721191403193,34.87537201512339,2,0.0,0.09238925026329482
Processing time -20%,1.0,0.8,A: 1 guard,24,12,412,0.8462679156159261,1.2989734834417253,43.02066458647175,3,0.0,0.07584496816670765
Processing time -20%,1.0,0.8,B: 2 guards 7-9 AM,24,14,412,0.2220680863093739,0.1405485749989349,26.43083580781763,1,0.0,0.06501361463823703
Processing time -20%,1.0,0.8,C: 2 guards 7-10 AM,24,15,412,0.155590121320446,0.017175054388852425,26.43083580781763,1,0.0,0.06068073342058896
Processing time +20%,1.0,1.2,A: 1 guard,24,12,412,2.136395091024995,3.400692778825508,66.62930526321819,3,0.0,0.11371757275549602
Processing time +20%,1.0,1.2,B: 2 guards 7-9 AM,24,14,412,0.5853601652050333,0.5221955291055793,54.09329275258358,2,0.0,0.09748376939715593
Processing time +20%,1.0,1.2,C: 2 guards 7-10 AM,24,15,412,0.3197660573822851,0.02929114882192031,43.31990822242915,1,0.0,0.0909891694476489
Demand -20%,0.8,1.0,A: 1 guard,25,12,327,2.8376412688965567,5.216185742319009,114.08810009381,7,0.0,0.08035653080047829
Demand -20%,0.8,1.0,B: 2 guards 7-9 AM,25,14,327,0.28111004934300393,0.29862274941305683,22.501789076166574,1,0.0,0.0688770264004099
Demand -20%,0.8,1.0,C: 2 guards 7-10 AM,25,15,327,0.1435397538924056,0.03400223992867064,17.142076287756822,1,0.0,0.06428522464038254
Base demand,1.0,1.0,A: 1 guard,25,12,404,3.1317521794371066,5.570021980375916,115.13674681206147,7,0.0,0.10032264897486863
Base demand,1.0,1.0,B: 2 guards 7-9 AM,25,14,404,0.29101061794441235,0.3055284443986297,30.922462175315104,1,0.0,0.08599084197845866
Base demand,1.0,1.0,C: 2 guards 7-10 AM,25,15,404,0.14195877383674804,0.029303925960572835,13.699578903431302,1,0.0,0.08025811917989475
Demand +20%,1.2,1.0,A: 1 guard,25,12,493,3.4741507608849087,5.816632371703144,116.53494243639628,7,0.0,0.11995763848052352
Demand +20%,1.2,1.0,B: 2 guards 7-9 AM,25,14,493,0.4438196994727279,0.11452087064892641,32.82085699494246,3,0.0,0.10282083298330574
Demand +20%,1.2,1.0,C: 2 guards 7-10 AM,25,15,493,0.4180449795394637,0.06602111138518876,32.82085699494246,3,0.0,0.09596611078441866
Processing time -20%,1.0,0.8,A: 1 guard,25,12,404,1.9253996815596564,3.4006265766427872,90.43156270044712,6,0.0,0.08025811917989473
Processing time -20%,1.0,0.8,B: 2 guards 7-9 AM,25,14,404,0.20839987960326006,0.2186636409070801,22.81324446044607,1,0.0,0.06879267358276697
Processing time -20%,1.0,0.8,C: 2 guards 7-10 AM,25,15,404,0.10065069855210003,0.01898167235355417,10.549877571970683,1,0.0,0.06420649534391584
Processing time +20%,1.0,1.2,A: 1 guard,25,12,404,4.656792733189565,8.277669606885087,139.84193092367542,7,0.0,0.12038717876984209
Processing time +20%,1.0,1.2,B: 2 guards 7-9 AM,25,14,404,0.42463880653234926,0.43459535748364064,39.031679890183284,1,0.0,0.1031890103741504
Processing time +20%,1.0,1.2,C: 2 guards 7-10 AM,25,15,404,0.2342842993681827,0.08182828916105678,16.84928023489192,1,0.0,0.09630974301587371
Demand -20%,0.8,1.0,A: 1 guard,26,12,336,0.9601048959158153,1.499011648109979,39.42343700104814,3,0.0,0.07603858912030252
Demand -20%,0.8,1.0,B: 2 guards 7-9 AM,26,14,336,0.18278949208554565,0.056039406745500495,26.53911933846871,1,0.0,0.06517593353168791
Demand -20%,0.8,1.0,C: 2 guards 7-10 AM,26,15,336,0.16764751800275401,0.027930548779655173,26.53911933846871,1,0.0,0.06083087129624205
Base demand,1.0,1.0,A: 1 guard,26,12,407,1.2763376239351667,2.071548202215578,45.44872479417988,3,0.0,0.0929887362069149
Base demand,1.0,1.0,B: 2 guards 7-9 AM,26,14,407,0.3721888846091859,0.4504533259791284,40.14417918710308,2,0.0,0.07970463103449854
Base demand,1.0,1.0,C: 2 guards 7-10 AM,26,15,407,0.15134291570505823,0.05448720552106691,32.000472786915,1,0.0,0.07439098896553195
Demand +20%,1.2,1.0,A: 1 guard,26,12,480,1.5938290662652674,2.33085268495264,53.20494109956087,4,0.0,0.10946967182991331
Demand +20%,1.2,1.0,B: 2 guards 7-9 AM,26,14,480,0.52709804364412,0.4621268059082946,53.20494109956087,2,0.0,0.09382910676578039
Demand +20%,1.2,1.0,C: 2 guards 7-10 AM,26,15,480,0.30678538488987794,0.07617762268918432,34.96713391940261,2,0.0,0.08757573746393058
Processing time -20%,1.0,0.8,A: 1 guard,26,12,407,0.7671203497640809,1.2319749906694533,31.538749600838525,3,0.0,0.07439098896553194
Processing time -20%,1.0,0.8,B: 2 guards 7-9 AM,26,14,407,0.21662800487601802,0.24496889212565773,26.238000489076967,1,0.0,0.0637637048275988
Processing time -20%,1.0,0.8,C: 2 guards 7-10 AM,26,15,407,0.08760618260533506,0.013639016953111665,23.658563670085186,1,0.0,0.05951279117242554
Processing time +20%,1.0,1.2,A: 1 guard,26,12,407,1.8927137552445223,3.0935181388697197,60.02289646745002,4,0.0,0.11158648344829783
Processing time +20%,1.0,1.2,B: 2 guards 7-9 AM,26,14,407,0.5447639201608422,0.6767094037196855,54.05035788512919,2,0.0,0.09564555724139816
Processing time +20%,1.0,1.2,C: 2 guards 7-10 AM,26,15,407,0.2307837848848865,0.11375823606631985,40.34238190374481,2,0.0,0.08926918675863825
Demand -20%,0.8,1.0,A: 1 guard,27,12,312,1.5126387767667733,1.969890901040941,76.49442960538352,4,0.0,0.06435877019541462
Demand -20%,0.8,1.0,B: 2 guards 7-9 AM,27,14,312,0.6174977059696638,0.2772605126245885,76.49442960538352,2,0.0,0.05516466016749827
Demand -20%,0.8,1.0,C: 2 guards 7-10 AM,27,15,312,0.5081958090923887,0.070580562165741,76.49442960538352,2,0.0,0.051487016156331736
Base demand,1.0,1.0,A: 1 guard,27,12,381,1.9782231432389548,3.411222880792908,80.57603659905624,5,0.0,0.07770377614998208
Base demand,1.0,1.0,B: 2 guards 7-9 AM,27,14,381,0.6313350013268532,0.955890909173239,80.57603659905624,2,0.0,0.06660323669998469
Base demand,1.0,1.0,C: 2 guards 7-10 AM,27,15,381,0.20191689582947395,0.17307608527610294,15.613403172339986,2,0.0,0.06216302091998572
Demand +20%,1.2,1.0,A: 1 guard,27,12,478,1.9342495433583877,3.4136306395067026,83.6186140709151,6,0.0,0.10114291016437635
Demand +20%,1.2,1.0,B: 2 guards 7-9 AM,27,14,478,0.3319180784298868,0.3376690321339181,15.613403172339986,2,0.0,0.08669392299803698
Demand +20%,1.2,1.0,C: 2 guards 7-10 AM,27,15,478,0.27339914193723086,0.22533147533275533,15.613403172339986,2,0.0,0.08091432813150116
Processing time -20%,1.0,0.8,A: 1 guard,27,12,381,1.235236536243892,2.1220793858613343,63.5278905378334,4,0.0,0.06216302091998574
Processing time -20%,1.0,0.8,B: 2 guards 7-9 AM,27,14,381,0.43530557919083446,0.6638320430995408,63.5278905378334,2,0.0,0.053282589359987746
Processing time -20%,1.0,0.8,C: 2 guards 7-10 AM,27,15,381,0.1068367582373928,0.06504438384948694,11.088127353015125,2,0.0,0.04973041673598855
Processing time +20%,1.0,1.2,A: 1 guard,27,12,381,2.7812830520485896,4.788410297533453,97.62418266027737,6,0.0,0.09324453137997851
Processing time +20%,1.0,1.2,B: 2 guards 7-9 AM,27,14,381,0.8679111903957962,1.3003974779654417,97.62418266027737,2,0.0,0.07992388403998164
Processing time +20%,1.0,1.2,C: 2 guards 7-10 AM,27,15,381,0.32991592384228163,0.3196501260186039,20.138678991664847,2,0.0,0.07459562510398283
Demand -20%,0.8,1.0,A: 1 guard,28,12,375,1.3406302086464796,2.064652805211144,53.55663147235674,3,0.0,0.09033443742065121
Demand -20%,0.8,1.0,B: 2 guards 7-9 AM,28,14,375,0.30267816058325026,0.24581159949286863,24.342261736362047,1,0.0,0.07742951778912964
Demand -20%,0.8,1.0,C: 2 guards 7-10 AM,28,15,375,0.17503910310839274,0.022145026814964122,9.663767515320387,1,0.0,0.07226754993652101
Base demand,1.0,1.0,A: 1 guard,28,12,454,1.6673933533719167,2.5647644206938054,62.33517226921748,3,0.0,0.10581249984296529
Base demand,1.0,1.0,B: 2 guards 7-9 AM,28,14,454,0.4681237109715224,0.5331658473737344,36.85445227077366,2,0.0,0.09061415775680487
Base demand,1.0,1.0,C: 2 guards 7-10 AM,28,15,454,0.19350142039576718,0.06794748945808936,13.83519179961354,1,0.0,0.08464999987437234
Demand +20%,1.2,1.0,A: 1 guard,28,12,555,2.3777706828349974,3.483685368958688,68.90921319995186,4,0.0,0.12812475012517857
Demand +20%,1.2,1.0,B: 2 guards 7-9 AM,28,14,555,0.5891715296239841,0.3522262836838864,62.578586728977825,2,0.0,0.10982121439301028
Demand +20%,1.2,1.0,C: 2 guards 7-10 AM,28,15,555,0.45907188436917445,0.12444930224407773,62.578586728977825,2,0.0,0.10249627061527329
Processing time -20%,1.0,0.8,A: 1 guard,28,12,454,1.0133461962436396,1.558176803104548,45.45966330888163,3,0.0,0.08464999987437237
Processing time -20%,1.0,0.8,B: 2 guards 7-9 AM,28,14,454,0.26304925754828556,0.28715139203107487,26.623632551610683,2,0.0,0.07255714274946205
Processing time -20%,1.0,0.8,C: 2 guards 7-10 AM,28,15,454,0.10692411908947522,0.022670747029955862,7.987644615600971,1,0.0,0.06771999989949791
Processing time +20%,1.0,1.2,A: 1 guard,28,12,454,2.488815098903584,3.842224605420262,79.21068122955333,4,0.0,0.12697499981155858
Processing time +20%,1.0,1.2,B: 2 guards 7-9 AM,28,14,454,0.7394257139224277,0.8787067666835257,47.08527198993664,2,0.0,0.10883571412419306
Processing time +20%,1.0,1.2,C: 2 guards 7-10 AM,28,15,454,0.3055092953849846,0.1436394009521855,19.947564013185684,2,0.0,0.10157999984924679
Demand -20%,0.8,1.0,A: 1 guard,29,12,315,0.8562623916437009,1.419942457301601,29.7420207110207,2,0.0,0.06400717597721312
Demand -20%,0.8,1.0,B: 2 guards 7-9 AM,29,14,315,0.28182314334108044,0.30982979953886836,29.7420207110207,2,0.0,0.054863716531051154
Demand -20%,0.8,1.0,C: 2 guards 7-10 AM,29,15,315,0.1390885293673204,0.03399296885338122,13.154930878363302,1,0.0,0.051206293289568605
Base demand,1.0,1.0,A: 1 guard,29,12,406,1.0265719039937202,1.582579737417613,38.24799372629002,2,0.0,0.0837530302092154
Base demand,1.0,1.0,B: 2 guards 7-9 AM,29,14,406,0.2660808070416724,0.07643639418575233,29.361702811902433,1,0.0,0.07178514748639683
Base demand,1.0,1.0,C: 2 guards 7-10 AM,29,15,406,0.24984271483700093,0.044277050599915296,29.361702811902433,1,0.0,0.06700242416737234
Demand +20%,1.2,1.0,A: 1 guard,29,12,474,1.0842858335874674,1.6010118142108862,38.87806580149601,2,0.0,0.09749574521175006
Demand +20%,1.2,1.0,B: 2 guards 7-9 AM,29,14,474,0.3172852470717934,0.15832023481235669,31.56758103471475,1,0.0,0.0835677816100716
Demand +20%,1.2,1.0,C: 2 guards 7-10 AM,29,15,474,0.26180690040960003,0.05396810656680248,31.56758103471475,1,0.0,0.07799551712344031
Processing time -20%,1.0,0.8,A: 1 guard,29,12,406,0.6901988747361814,1.0430748016575573,29.464265245662773,2,0.0,0.06700242416737237
Processing time -20%,1.0,0.8,B: 2 guards 7-9 AM,29,14,406,0.18755837527550565,0.047601422237877535,22.49671704925504,1,0.0,0.05743064928631918
Processing time -20%,1.0,0.8,C: 2 guards 7-10 AM,29,15,406,0.1764647119345882,0.0256305572797679,22.49671704925504,1,0.0,0.053601939333897876
Processing time +20%,1.0,1.2,A: 1 guard,29,12,406,1.4222393551251882,2.229980699804105,47.03172220691812,2,0.0,0.10050363625105861
Processing time +20%,1.0,1.2,B: 2 guards 7-9 AM,29,14,406,0.3643171647848208,0.13477870332513336,36.226688574549826,1,0.0,0.08614393120691957
Processing time +20%,1.0,1.2,C: 2 guards 7-10 AM,29,15,406,0.3354216739289622,0.07755153606914031,36.226688574549826,1,0.0,0.08040290900084682
Demand -20%,0.8,1.0,A: 1 guard,30,12,331,1.0487292186398416,1.8107081672732526,53.586908308964496,3,0.0,0.07213467460390381
Demand -20%,0.8,1.0,B: 2 guards 7-9 AM,30,14,331,0.16908553927364847,0.15637829301069575,12.645241522692459,1,0.0,0.061829721089060395
Demand -20%,0.8,1.0,C: 2 guards 7-10 AM,30,15,331,0.09619442622649023,0.01929330199586975,12.645241522692459,1,0.0,0.05770773968312303
Base demand,1.0,1.0,A: 1 guard,30,12,414,1.3057537136951356,2.2870633282089132,55.3631086854395,3,0.0,0.09063056831007713
Base demand,1.0,1.0,B: 2 guards 7-9 AM,30,14,414,0.22710371595404039,0.2196508325384805,13.019982330267794,2,0.0,0.07768334426578039
Base demand,1.0,1.0,C: 2 guards 7-10 AM,30,15,414,0.15101204548865446,0.07380846414649078,13.019982330267794,1,0.0,0.07250445464806167
Demand +20%,1.2,1.0,A: 1 guard,30,12,491,1.6229051314850191,2.611292412443359,59.115539770619705,3,0.0,0.11073920381537877
Demand +20%,1.2,1.0,B: 2 guards 7-9 AM,30,14,491,0.3499212381811083,0.22566229178602965,15.716557790751722,2,0.0,0.09491931755603894
Demand +20%,1.2,1.0,C: 2 guards 7-10 AM,30,15,491,0.2996601307838027,0.1314706744880258,15.716557790751722,2,0.0,0.08859136305230303
Processing time -20%,1.0,0.8,A: 1 guard,30,12,414,0.8368313629393664,1.4762704951168464,43.55708808322632,3,0.0,0.07250445464806168
Processing time -20%,1.0,0.8,B: 2 guards 7-9 AM,30,14,414,0.11673946164947736,0.09609435097789208,10.266089541184442,1,0.0,0.0621466754126243
Processing time -20%,1.0,0.8,C: 2 guards 7-10 AM,30,15,414,0.08127168144720687,0.0281144389235403,10.266089541184442,1,0.0,0.058003563718449364
Processing time +20%,1.0,1.2,A: 1 guard,30,12,414,1.923094028379344,3.3629642216283004,74.61971401952525,3,0.0,0.10875668197209264
Processing time +20%,1.0,1.2,B: 2 guards 7-9 AM,30,14,414,0.4402067019499261,0.5207635126385826,27.859091941778047,2,0.0,0.09322001311893646
Processing time +20%,1.0,1.2,C: 2 guards 7-10 AM,30,15,414,0.25734456205218914,0.17027774450125338,15.773875119352851,2,0.0,0.08700534557767403
