scenario,config,guard_hours,vehicles_mean,avg_wait_sec_mean,avg_wait_sec_ci95,avg_wait_peak_sec_mean,avg_wait_peak_sec_ci95,max_wait_sec_mean,max_wait_sec_ci95,max_queue_mean,max_queue_ci95,spillover_min_mean,spillover_min_ci95,utilization_mean,utilization_ci95
Demand -20%,A: 1 guard,12,322.233,1.212,0.177,1.883,0.338,54.085,7.721,2.833,0.393,0.0,0.0,0.073,0.003
Demand -20%,B: 2 guards 7-9 AM,14,322.233,0.351,0.075,0.271,0.089,32.249,6.949,1.567,0.212,0.0,0.0,0.062,0.002
Demand -20%,C: 2 guards 7-10 AM,15,322.233,0.237,0.059,0.056,0.028,26.229,6.991,1.4,0.21,0.0,0.0,0.058,0.002
Base demand,A: 1 guard,12,400.6,1.564,0.207,2.409,0.358,60.529,6.986,3.333,0.431,0.0,0.0,0.09,0.003
Base demand,B: 2 guards 7-9 AM,14,400.6,0.487,0.097,0.423,0.134,40.721,7.174,2.0,0.259,0.0,0.0,0.077,0.002
Base demand,C: 2 guards 7-10 AM,15,400.6,0.309,0.063,0.097,0.038,31.808,6.711,1.633,0.25,0.0,0.0,0.072,0.002
Demand +20%,A: 1 guard,12,480.0,1.897,0.224,2.884,0.38,64.464,7.158,3.767,0.446,0.0,0.0,0.108,0.003
Demand +20%,B: 2 guards 7-9 AM,14,480.0,0.559,0.088,0.41,0.121,43.043,6.145,2.167,0.279,0.0,0.0,0.093,0.003
Demand +20%,C: 2 guards 7-10 AM,15,480.0,0.406,0.068,0.129,0.045,38.057,6.839,2.067,0.293,0.0,0.0,0.087,0.003
Processing time -20%,A: 1 guard,12,400.6,0.967,0.13,1.49,0.229,45.863,5.514,3.0,0.367,0.0,0.0,0.072,0.002
Processing time -20%,B: 2 guards 7-9 AM,14,400.6,0.301,0.062,0.261,0.091,29.433,5.481,1.833,0.279,0.0,0.0,0.062,0.002
Processing time -20%,C: 2 guards 7-10 AM,15,400.6,0.186,0.04,0.051,0.021,22.106,4.848,1.467,0.213,0.0,0.0,0.058,0.002
Processing time +20%,A: 1 guard,12,400.6,2.32,0.303,3.576,0.517,76.294,8.477,3.7,0.462,0.0,0.0,0.108,0.003
Processing time +20%,B: 2 guards 7-9 AM,14,400.6,0.726,0.14,0.636,0.188,52.93,8.723,2.167,0.311,0.0,0.0,0.093,0.003
Processing time +20%,C: 2 guards 7-10 AM,15,400.6,0.467,0.092,0.162,0.057,41.964,8.59,1.8,0.248,0.0,0.0,0.087,0.003
